,Patterns,Support
0,#A,30972
1,#AA,7707
2,#AAG,1916
3,#AAGA,461
4,#AAGT,483
5,#AAGC,494
6,#AAGG,461
7,#AAA,1958
8,#AAAG,507
9,#AAAC,441
10,#AAAT,498
11,#AAAA,499
12,#AAC,1876
13,#AACG,440
14,#AACT,472
15,#AACC,441
16,#AACA,508
17,#AAT,1900
18,#AATG,441
19,#AATA,506
20,#AATT,453
21,#AATC,481
22,#AG,7589
23,#AGA,1862
24,#AGAT,466
25,#AGAC,456
26,#AGAG,455
27,#AGAA,469
28,#AGT,1878
29,#AGTA,451
30,#AGTC,467
31,#AGTG,463
32,#AGTT,481
33,#AGC,1901
34,#AGCA,453
35,#AGCT,485
36,#AGCC,469
37,#AGCG,475
38,#AGG,1879
39,#AGGC,490
40,#AGGG,453
41,#AGGT,469
42,#AGGA,452
43,#AT,7758
44,#ATA,2002
45,#ATAA,516
46,#ATAG,495
47,#ATAC,510
48,#ATAT,466
49,#ATC,1941
50,#ATCG,461
51,#ATCC,472
52,#ATCT,479
53,#ATCA,506
54,#ATT,1826
55,#ATTT,443
56,#ATTC,442
57,#ATTG,460
58,#ATTA,462
59,#ATG,1919
60,#ATGC,489
61,#ATGA,475
62,#ATGT,469
63,#ATGG,473
64,#AC,7688
65,#ACC,1842
66,#ACCA,443
67,#ACCC,440
68,#ACCT,471
69,#ACCG,474
70,#ACG,1914
71,#ACGC,479
72,#ACGT,442
73,#ACGG,497
74,#ACGA,487
75,#ACA,1919
76,#ACAA,480
77,#ACAC,479
78,#ACAG,455
79,#ACAT,490
80,#ACT,1953
81,#ACTG,471
82,#ACTA,478
83,#ACTT,459
84,#ACTC,527
85,#C,31101
86,#CG,7704
87,#CGA,1923
88,#CGAA,488
89,#CGAC,484
90,#CGAG,463
91,#CGAT,477
92,#CGC,1894
93,#CGCT,460
94,#CGCG,472
95,#CGCC,486
96,#CGCA,463
97,#CGT,1866
98,#CGTG,508
99,#CGTT,451
100,#CGTA,429
101,#CGTC,469
102,#CGG,1951
103,#CGGG,480
104,#CGGC,462
105,#CGGT,511
106,#CGGA,479
107,#CC,7634
108,#CCA,1898
109,#CCAC,478
110,#CCAT,471
111,#CCAG,470
112,#CCAA,462
113,#CCT,1962
114,#CCTG,466
115,#CCTC,519
116,#CCTA,507
117,#CCTT,451
118,#CCC,1837
119,#CCCG,477
120,#CCCT,450
121,#CCCC,444
122,#CCCA,456
123,#CCG,1884
124,#CCGA,457
125,#CCGT,471
126,#CCGC,448
127,#CCGG,489
128,#CA,7672
129,#CAC,1924
130,#CACG,487
131,#CACT,473
132,#CACA,459
133,#CACC,489
134,#CAA,1856
135,#CAAG,469
136,#CAAC,465
137,#CAAT,421
138,#CAAA,491
139,#CAG,1841
140,#CAGG,476
141,#CAGC,434
142,#CAGA,462
143,#CAGT,453
144,#CAT,1993
145,#CATG,500
146,#CATA,510
147,#CATC,505
148,#CATT,464
149,#CT,7845
150,#CTG,1922
151,#CTGC,499
152,#CTGT,479
153,#CTGG,479
154,#CTGA,456
155,#CTC,2078
156,#CTCT,552
157,#CTCTT,154
158,#CTCC,520
159,#CTCG,498
160,#CTCA,495
161,#CTT,1896
162,#CTTC,454
163,#CTTA,474
164,#CTTT,471
165,#CTTG,481
166,#CTA,1876
167,#CTAG,467
168,#CTAA,441
169,#CTAT,491
170,#CTAC,462
171,#G,30932
172,#GA,7681
173,#GAA,1976
174,#GAAG,482
175,#GAAT,487
176,#GAAA,474
177,#GAAC,514
178,#GAT,1889
179,#GATA,451
180,#GATC,455
181,#GATG,522
182,#GATT,442
183,#GAC,1894
184,#GACC,445
185,#GACA,463
186,#GACT,491
187,#GACG,477
188,#GAG,1864
189,#GAGA,457
190,#GAGT,474
191,#GAGC,463
192,#GAGG,448
193,#GC,7710
194,#GCT,1922
195,#GCTG,482
196,#GCTC,498
197,#GCTT,494
198,#GCTA,431
199,#GCC,1915
200,#GCCT,496
201,#GCCC,456
202,#GCCA,505
203,#GCCG,447
204,#GCA,1896
205,#GCAA,447
206,#GCAG,456
207,#GCAC,477
208,#GCAT,501
209,#GCG,1912
210,#GCGA,488
211,#GCGC,465
212,#GCGT,476
213,#GCGG,465
214,#GT,7631
215,#GTG,1950
216,#GTGC,477
217,#GTGT,481
218,#GTGG,465
219,#GTGA,515
220,#GTA,1798
221,#GTAG,456
222,#GTAT,456
223,#GTAA,430
224,#GTAC,441
225,#GTT,1930
226,#GTTC,497
227,#GTTT,453
228,#GTTA,501
229,#GTTG,468
230,#GTC,1892
231,#GTCG,506
232,#GTCA,439
233,#GTCT,437
234,#GTCC,488
235,#GG,7654
236,#GGC,1895
237,#GGCA,482
238,#GGCG,450
239,#GGCT,458
240,#GGCC,488
241,#GGT,1907
242,#GGTG,460
243,#GGTT,507
244,#GGTA,448
245,#GGTC,477
246,#GGA,1933
247,#GGAG,488
248,#GGAT,462
249,#GGAC,454
250,#GGAA,520
251,#GGG,1850
252,#GGGG,420
253,#GGGA,505
254,#GGGT,442
255,#GGGC,467
256,#T,30994
257,#TA,7648
258,#TAA,1860
259,#TAAA,479
260,#TAAG,435
261,#TAAT,486
262,#TAAC,445
263,#TAG,1889
264,#TAGC,489
265,#TAGT,449
266,#TAGG,474
267,#TAGA,463
268,#TAT,1914
269,#TATT,457
270,#TATG,441
271,#TATC,486
272,#TATA,512
273,#TAC,1928
274,#TACC,446
275,#TACG,495
276,#TACA,474
277,#TACT,502
278,#TG,7749
279,#TGC,1961
280,#TGCC,456
281,#TGCA,486
282,#TGCG,502
283,#TGCT,501
284,#TGT,1920
285,#TGTG,503
286,#TGTT,482
287,#TGTA,454
288,#TGTC,460
289,#TGG,1909
290,#TGGT,472
291,#TGGA,482
292,#TGGG,478
293,#TGGC,458
294,#TGA,1911
295,#TGAC,488
296,#TGAT,472
297,#TGAG,448
298,#TGAA,481
299,#TGAAG,150
300,#TC,7831
301,#TCG,1935
302,#TCGC,486
303,#TCGA,471
304,#TCGT,463
305,#TCGG,491
306,#TCT,1947
307,#TCTC,520
308,#TCTCT,150
309,#TCTT,480
310,#TCTG,484
311,#TCTA,444
312,#TCC,1977
313,#TCCT,531
314,#TCCA,478
315,#TCCG,469
316,#TCCC,481
317,#TCA,1904
318,#TCAT,514
319,#TCAG,443
320,#TCAC,478
321,#TCAA,458
322,#TT,7498
323,#TTC,1848
324,#TTCC,481
325,#TTCG,451
326,#TTCT,461
327,#TTCA,445
328,#TTT,1797
329,#TTTG,457
330,#TTTT,416
331,#TTTA,463
332,#TTTC,443
333,#TTG,1880
334,#TTGA,444
335,#TTGT,475
336,#TTGG,477
337,#TTGC,470
338,#TTA,1909
339,#TTAA,454
340,#TTAC,500
341,#TTAG,457
342,#TTAT,486
